-4.995951676967291255e-01, -4.992843007878800532e-01, -6.005395646951889224e-14
-4.983811042854883189e-01, -4.971379648474846258e-01, -3.801242069702419160e-12
-4.963591096904823585e-01, -4.935633082970408703e-01, -4.170417813922804558e-11
-4.935313481489276288e-01, -4.885641082900800125e-01, -2.169182778362443855e-10
-4.899008434123001132e-01, -4.821457759928339804e-01, -7.271072460386301200e-10
-4.854714695378052336e-01, -4.743149738235377666e-01, -1.818724998499811431e-09
-4.802479352894640785e-01, -4.650801497692780839e-01, -3.688961111943755150e-09
-4.742357604606425303e-01, -4.544506996373722241e-01, -6.502266351049610099e-09
-4.674412435275315802e-01, -4.424380777876001369e-01, -1.040482028006437002e-08
-4.598714222952990371e-01, -4.290542746777040173e-01, -1.578345796711261260e-08
-4.515340329311097189e-01, -4.143136174273255867e-01, -2.296010329748416984e-08
-4.424374784409105255e-01, -3.982303880589890266e-01, -3.274880257214300963e-08
-4.325908255965194571e-01, -3.808214940855672581e-01, -4.537316861988544461e-08
-4.220038600252326022e-01, -3.621031588913107280e-01, -6.223749981966568360e-08
-4.106872427139914294e-01, -3.420944657254142429e-01, -8.341481020828018236e-08
-3.986528272560956321e-01, -3.208130186745149492e-01, -1.117529139780294615e-07
-3.859142139756714940e-01, -2.982789333385348907e-01, -1.484013188808112401e-07
-3.724876309137529207e-01, -2.745091370499552208e-01, -2.001152594813554058e-07
-3.583932353309831620e-01, -2.495202915957558110e-01, -2.760350666869983780e-07
-3.436569124589841651e-01, -2.233166745180292512e-01, -4.085295049329415898e-07
-3.283125973673555187e-01, -1.958765055040807002e-01, -6.785037608051951593e-07
-3.124050494013776436e-01, -1.670985561713461687e-01, -1.256678084839790483e-06
-2.959928631603346294e-01, -1.368025283580499851e-01, -2.078959858335852577e-06
-2.791513203247440456e-01, -1.053650151795688661e-01, -7.473755409102724607e-07
-2.619745130300128455e-01, -7.579454846721320194e-02, 7.783822290643667202e-06
-2.445760671338374215e-01, -5.275841066716992905e-02, 2.103434804732162757e-05
-2.270878366700382345e-01, -3.697598986980675517e-02, 3.092876708632882291e-05
-2.096561845899350962e-01, -2.609553346355986819e-02, 3.719423816611617921e-05
-1.924359042878611703e-01, -1.859172720913856991e-02, 4.140418805269095124e-05
-1.755823736864962070e-01, -1.317195152131493165e-02, 4.364127056063704332e-05
-1.592429982394590604e-01, -8.971300297446905408e-03, 4.532879624985057000e-05
-1.435492206109786617e-01, -6.054923115785467401e-03, 4.725677077220437198e-05
-1.286102547937738039e-01, -4.367471102949938878e-03, 4.853694603234337567e-05
-1.145092720657782392e-01, -3.256086710446450417e-03, 4.890226538796638422e-05
-1.013021790414842527e-01, -2.331991197720154323e-03, 4.921739629252300772e-05
-8.901858857739888831e-02, -1.784081066758881270e-03, 4.978164037512119262e-05
-7.766425225130356436e-02, -1.502919351677748034e-03, 4.983411762012325373e-05
-6.722415308088500185e-02, -1.178185055172688680e-03, 4.982787750096132095e-05
-5.766560553989658749e-02, -9.475993273402765534e-04, 5.000292137849416465e-05
-4.894096767391018649e-02, -7.943624682926973260e-04, 5.000695222369120257e-05
-4.098982639655042448e-02, -6.269452762481663322e-04, 5.002027953209754789e-05
-3.374070608760681989e-02, -5.035569778348979609e-04, 5.007838487107038134e-05
-2.711244698457920474e-02, -3.914544724814089335e-04, 5.006847228072755594e-05
-2.101541823104222453e-02, -2.939040890725688705e-04, 5.010581252818830929e-05
-1.535270679138931067e-02, -2.037994202798238330e-04, 5.009054783141571240e-05
-1.002137256117867879e-02, -1.165175355598030172e-04, 5.011222373218074871e-05
-4.913814017568034556e-03, -2.838233584451723234e-05, 5.009028767807269158e-05
8.075423328024210797e-05, 6.375321784050892119e-05, 5.010437839054796661e-05
5.074737333717008192e-03, 1.586247377055202375e-04, 5.008524725085124142e-05
1.018055126532842192e-02, 2.523671129216629918e-04, 5.010757586294256323e-05
1.550901262191593105e-02, 3.432992517317341253e-04, 5.009045518321805914e-05
2.116777023200179866e-02, 4.337626672343114476e-04, 5.010905570004416348e-05
2.725982336241341078e-02, 5.311462740158217786e-04, 5.007073465253667393e-05
3.388215177808055756e-02, 6.450929832716107218e-04, 5.007904721597074309e-05
4.112445627559586925e-02, 7.715756706377406918e-04, 5.002099781410305010e-05
4.906796929184099182e-02, 9.418691087692684580e-04, 5.001004312731034782e-05
5.778424366089373460e-02, 1.096615751735725321e-03, 5.000828421517204708e-05
6.733377972182173765e-02, 1.328588154476300796e-03, 4.983315915788653178e-05
7.776432345448386352e-02, 1.656073847914850839e-03, 4.983857399876608617e-05
8.910868827989726348e-02, 1.940798173133746578e-03, 4.978591938220225778e-05
1.013820489167554656e-01, 2.493165264141820273e-03, 4.922246350960822193e-05
1.145788436502433727e-01, 3.419347728969614805e-03, 4.891534206214376881e-05
1.286696781784457955e-01, 4.525449692084182463e-03, 4.856382815667102968e-05
1.435988810700140339e-01, 6.195995705311258331e-03, 4.729891176890467345e-05
1.592835138442759146e-01, 9.092431607689696951e-03, 4.536507447957919165e-05
1.756145699001547822e-01, 1.327916322638379894e-02, 4.367745208110896651e-05
1.924607662117358009e-01, 1.867700261841587564e-02, 4.146067902410853994e-05
2.096747924921957273e-01, 2.615241715200966599e-02, 3.724334765458211317e-05
2.271012942984991234e-01, 3.701724258993661226e-02, 3.096865001186339136e-05
2.445854339603274197e-01, 5.276323152690681750e-02, 2.114719692076027263e-05
2.619807495169407252e-01, 7.572593584786271870e-02, 7.908243344990499623e-06
2.791552519599493354e-01, 1.052575284464888211e-01, -7.170527526383051915e-07
2.959951646564469296e-01, 1.367020166999536879e-01, -2.087981595610569726e-06
3.124062464481384138e-01, 1.670112938439945738e-01, -1.261972008963757735e-06
3.283130811030619545e-01, 1.957992687808812471e-01, -6.800911223439679476e-07
3.436569611162405002e-01, 2.232474408118451381e-01, -4.091246478033380337e-07
3.583930381718946068e-01, 2.494584514506185680e-01, -2.765335105541575174e-07
3.724873109037576402e-01, 2.744540433062058749e-01, -2.005891541364346936e-07
3.859138471768834289e-01, 2.982302082432411461e-01, -1.487857190196454000e-07
3.986524581210162399e-01, 3.207700813789661209e-01, -1.120223933713808066e-07
4.106868953896757324e-01, 3.420569411737560683e-01, -8.360512321383842669e-08
4.220035462213108657e-01, 3.620705551354508334e-01, -6.235576387703317991e-08
4.325905497859585114e-01, 3.807934739631082532e-01, -4.545904796985377220e-08
4.424372411076389899e-01, 3.982065303393677591e-01, -3.280321733124882297e-08
4.515338324982357543e-01, 4.142936060317237157e-01, -2.300103571844017701e-08
4.598712561932317699e-01, 4.290377290949868860e-01, -1.580959390397890604e-08
4.674411087503453355e-01, 4.424246875412195523e-01, -1.042303378104367490e-08
4.742356538261084387e-01, 4.544401076245266902e-01, -6.513098700525559311e-09
4.802478535505121382e-01, 4.650720433384218366e-01, -3.695221019672204845e-09
4.854714094197082885e-01, 4.743090093003466956e-01, -1.821685370963072734e-09
4.899008016236725549e-01, 4.821416348634741667e-01, -7.282978385327519426e-10
4.935313213825854861e-01, 4.885614540025179919e-01, -2.172635735361321468e-10
4.963590946248920832e-01, 4.935618157239206050e-01, -4.177117916712116410e-11
4.983810975866356241e-01, 4.971373006373698833e-01, -3.807239842178360019e-12
4.995951660215650070e-01, 4.992841347949144581e-01, -6.014960580157478367e-14
5.000000000000000000e-01, 5.000000000000000000e-01, 1.077069263455996093e-23
